generator,eval_model,mode,dataset,setting,total,correct,accuracy,stderr,random_baseline,delta_over_random,above_chance_fraction,results_path,config_root
gpt-5.2-2025-12-11,Qwen_Qwen3-4B-Instruct-2507,choices_only,arc_challenge,augment_ablation,1000,402,0.402,0.015504708962118573,0.1,0.30200000000000005,0.3355555555555556,/Users/ndesai-air/Documents/GitHub/augmented-mcqa/results/final5_full_gpt-5.2-2025-12-11_20260226_001349/gpt-5.2-2025-12-11/Qwen_Qwen3-4B-Instruct-2507/choices_only/arc_challenge/augment_ablation/summary.json,/Users/ndesai-air/Documents/GitHub/augmented-mcqa/results/final5_full_gpt-5.2-2025-12-11_20260226_001349/gpt-5.2-2025-12-11/Qwen_Qwen3-4B-Instruct-2507/choices_only/arc_challenge/augment_ablation
gpt-5.2-2025-12-11,allenai_Olmo-3-7B-Instruct,choices_only,arc_challenge,augment_ablation,1000,344,0.344,0.015022117027902558,0.1,0.24399999999999997,0.2711111111111111,/Users/ndesai-air/Documents/GitHub/augmented-mcqa/results/final5_full_gpt-5.2-2025-12-11_20260226_001349/gpt-5.2-2025-12-11/allenai_Olmo-3-7B-Instruct/choices_only/arc_challenge/augment_ablation/summary.json,/Users/ndesai-air/Documents/GitHub/augmented-mcqa/results/final5_full_gpt-5.2-2025-12-11_20260226_001349/gpt-5.2-2025-12-11/allenai_Olmo-3-7B-Instruct/choices_only/arc_challenge/augment_ablation
gpt-5.2-2025-12-11,meta-llama_Llama-3.1-8B-Instruct,choices_only,arc_challenge,augment_ablation,1000,313,0.313,0.014663935351739656,0.1,0.213,0.23666666666666666,/Users/ndesai-air/Documents/GitHub/augmented-mcqa/results/final5_full_gpt-5.2-2025-12-11_20260226_001349/gpt-5.2-2025-12-11/meta-llama_Llama-3.1-8B-Instruct/choices_only/arc_challenge/augment_ablation/summary.json,/Users/ndesai-air/Documents/GitHub/augmented-mcqa/results/final5_full_gpt-5.2-2025-12-11_20260226_001349/gpt-5.2-2025-12-11/meta-llama_Llama-3.1-8B-Instruct/choices_only/arc_challenge/augment_ablation
gpt-5.2-2025-12-11,Qwen_Qwen3-4B-Instruct-2507,choices_only,arc_challenge,augment_human,1000,378,0.378,0.015333492752794452,0.1,0.278,0.30888888888888894,/Users/ndesai-air/Documents/GitHub/augmented-mcqa/results/final5_full_gpt-5.2-2025-12-11_20260226_001349/gpt-5.2-2025-12-11/Qwen_Qwen3-4B-Instruct-2507/choices_only/arc_challenge/augment_human/summary.json,/Users/ndesai-air/Documents/GitHub/augmented-mcqa/results/final5_full_gpt-5.2-2025-12-11_20260226_001349/gpt-5.2-2025-12-11/Qwen_Qwen3-4B-Instruct-2507/choices_only/arc_challenge/augment_human
gpt-5.2-2025-12-11,allenai_Olmo-3-7B-Instruct,choices_only,arc_challenge,augment_human,1000,245,0.245,0.013600551459407815,0.1,0.145,0.1611111111111111,/Users/ndesai-air/Documents/GitHub/augmented-mcqa/results/final5_full_gpt-5.2-2025-12-11_20260226_001349/gpt-5.2-2025-12-11/allenai_Olmo-3-7B-Instruct/choices_only/arc_challenge/augment_human/summary.json,/Users/ndesai-air/Documents/GitHub/augmented-mcqa/results/final5_full_gpt-5.2-2025-12-11_20260226_001349/gpt-5.2-2025-12-11/allenai_Olmo-3-7B-Instruct/choices_only/arc_challenge/augment_human
gpt-5.2-2025-12-11,meta-llama_Llama-3.1-8B-Instruct,choices_only,arc_challenge,augment_human,1000,267,0.267,0.013989674763910703,0.1,0.167,0.18555555555555556,/Users/ndesai-air/Documents/GitHub/augmented-mcqa/results/final5_full_gpt-5.2-2025-12-11_20260226_001349/gpt-5.2-2025-12-11/meta-llama_Llama-3.1-8B-Instruct/choices_only/arc_challenge/augment_human/summary.json,/Users/ndesai-air/Documents/GitHub/augmented-mcqa/results/final5_full_gpt-5.2-2025-12-11_20260226_001349/gpt-5.2-2025-12-11/meta-llama_Llama-3.1-8B-Instruct/choices_only/arc_challenge/augment_human
gpt-5.2-2025-12-11,Qwen_Qwen3-4B-Instruct-2507,choices_only,arc_challenge,augment_model,1000,403,0.403,0.01551099609954177,0.1,0.30300000000000005,0.3366666666666667,/Users/ndesai-air/Documents/GitHub/augmented-mcqa/results/final5_full_gpt-5.2-2025-12-11_20260226_001349/gpt-5.2-2025-12-11/Qwen_Qwen3-4B-Instruct-2507/choices_only/arc_challenge/augment_model/summary.json,/Users/ndesai-air/Documents/GitHub/augmented-mcqa/results/final5_full_gpt-5.2-2025-12-11_20260226_001349/gpt-5.2-2025-12-11/Qwen_Qwen3-4B-Instruct-2507/choices_only/arc_challenge/augment_model
gpt-5.2-2025-12-11,allenai_Olmo-3-7B-Instruct,choices_only,arc_challenge,augment_model,1000,341,0.341,0.01499063040702425,0.1,0.24100000000000002,0.2677777777777778,/Users/ndesai-air/Documents/GitHub/augmented-mcqa/results/final5_full_gpt-5.2-2025-12-11_20260226_001349/gpt-5.2-2025-12-11/allenai_Olmo-3-7B-Instruct/choices_only/arc_challenge/augment_model/summary.json,/Users/ndesai-air/Documents/GitHub/augmented-mcqa/results/final5_full_gpt-5.2-2025-12-11_20260226_001349/gpt-5.2-2025-12-11/allenai_Olmo-3-7B-Instruct/choices_only/arc_challenge/augment_model
gpt-5.2-2025-12-11,meta-llama_Llama-3.1-8B-Instruct,choices_only,arc_challenge,augment_model,1000,292,0.292,0.014378317008607092,0.1,0.19199999999999998,0.2133333333333333,/Users/ndesai-air/Documents/GitHub/augmented-mcqa/results/final5_full_gpt-5.2-2025-12-11_20260226_001349/gpt-5.2-2025-12-11/meta-llama_Llama-3.1-8B-Instruct/choices_only/arc_challenge/augment_model/summary.json,/Users/ndesai-air/Documents/GitHub/augmented-mcqa/results/final5_full_gpt-5.2-2025-12-11_20260226_001349/gpt-5.2-2025-12-11/meta-llama_Llama-3.1-8B-Instruct/choices_only/arc_challenge/augment_model
gpt-5.2-2025-12-11,Qwen_Qwen3-4B-Instruct-2507,choices_only,arc_challenge,human_from_scratch,1000,442,0.442,0.01570464899321217,0.25,0.192,0.256,/Users/ndesai-air/Documents/GitHub/augmented-mcqa/results/final5_full_gpt-5.2-2025-12-11_20260226_001349/gpt-5.2-2025-12-11/Qwen_Qwen3-4B-Instruct-2507/choices_only/arc_challenge/human_from_scratch/summary.json,/Users/ndesai-air/Documents/GitHub/augmented-mcqa/results/final5_full_gpt-5.2-2025-12-11_20260226_001349/gpt-5.2-2025-12-11/Qwen_Qwen3-4B-Instruct-2507/choices_only/arc_challenge/human_from_scratch
gpt-5.2-2025-12-11,allenai_Olmo-3-7B-Instruct,choices_only,arc_challenge,human_from_scratch,1000,353,0.353,0.015112610628213776,0.25,0.10299999999999998,0.1373333333333333,/Users/ndesai-air/Documents/GitHub/augmented-mcqa/results/final5_full_gpt-5.2-2025-12-11_20260226_001349/gpt-5.2-2025-12-11/allenai_Olmo-3-7B-Instruct/choices_only/arc_challenge/human_from_scratch/summary.json,/Users/ndesai-air/Documents/GitHub/augmented-mcqa/results/final5_full_gpt-5.2-2025-12-11_20260226_001349/gpt-5.2-2025-12-11/allenai_Olmo-3-7B-Instruct/choices_only/arc_challenge/human_from_scratch
gpt-5.2-2025-12-11,meta-llama_Llama-3.1-8B-Instruct,choices_only,arc_challenge,human_from_scratch,1000,388,0.388,0.015409607392792329,0.25,0.138,0.18400000000000002,/Users/ndesai-air/Documents/GitHub/augmented-mcqa/results/final5_full_gpt-5.2-2025-12-11_20260226_001349/gpt-5.2-2025-12-11/meta-llama_Llama-3.1-8B-Instruct/choices_only/arc_challenge/human_from_scratch/summary.json,/Users/ndesai-air/Documents/GitHub/augmented-mcqa/results/final5_full_gpt-5.2-2025-12-11_20260226_001349/gpt-5.2-2025-12-11/meta-llama_Llama-3.1-8B-Instruct/choices_only/arc_challenge/human_from_scratch
gpt-5.2-2025-12-11,Qwen_Qwen3-4B-Instruct-2507,choices_only,arc_challenge,model_from_scratch,1000,460,0.46,0.015760710643876435,0.25,0.21000000000000002,0.28,/Users/ndesai-air/Documents/GitHub/augmented-mcqa/results/final5_full_gpt-5.2-2025-12-11_20260226_001349/gpt-5.2-2025-12-11/Qwen_Qwen3-4B-Instruct-2507/choices_only/arc_challenge/model_from_scratch/summary.json,/Users/ndesai-air/Documents/GitHub/augmented-mcqa/results/final5_full_gpt-5.2-2025-12-11_20260226_001349/gpt-5.2-2025-12-11/Qwen_Qwen3-4B-Instruct-2507/choices_only/arc_challenge/model_from_scratch
gpt-5.2-2025-12-11,allenai_Olmo-3-7B-Instruct,choices_only,arc_challenge,model_from_scratch,1000,403,0.403,0.01551099609954177,0.25,0.15300000000000002,0.20400000000000004,/Users/ndesai-air/Documents/GitHub/augmented-mcqa/results/final5_full_gpt-5.2-2025-12-11_20260226_001349/gpt-5.2-2025-12-11/allenai_Olmo-3-7B-Instruct/choices_only/arc_challenge/model_from_scratch/summary.json,/Users/ndesai-air/Documents/GitHub/augmented-mcqa/results/final5_full_gpt-5.2-2025-12-11_20260226_001349/gpt-5.2-2025-12-11/allenai_Olmo-3-7B-Instruct/choices_only/arc_challenge/model_from_scratch
gpt-5.2-2025-12-11,meta-llama_Llama-3.1-8B-Instruct,choices_only,arc_challenge,model_from_scratch,1000,378,0.378,0.015333492752794452,0.25,0.128,0.17066666666666666,/Users/ndesai-air/Documents/GitHub/augmented-mcqa/results/final5_full_gpt-5.2-2025-12-11_20260226_001349/gpt-5.2-2025-12-11/meta-llama_Llama-3.1-8B-Instruct/choices_only/arc_challenge/model_from_scratch/summary.json,/Users/ndesai-air/Documents/GitHub/augmented-mcqa/results/final5_full_gpt-5.2-2025-12-11_20260226_001349/gpt-5.2-2025-12-11/meta-llama_Llama-3.1-8B-Instruct/choices_only/arc_challenge/model_from_scratch
gpt-5.2-2025-12-11,Qwen_Qwen3-4B-Instruct-2507,full_question,arc_challenge,augment_ablation,1000,883,0.883,0.010164201887015036,0.1,0.783,0.87,/Users/ndesai-air/Documents/GitHub/augmented-mcqa/results/final5_full_gpt-5.2-2025-12-11_20260226_001349/gpt-5.2-2025-12-11/Qwen_Qwen3-4B-Instruct-2507/full_question/arc_challenge/augment_ablation/summary.json,/Users/ndesai-air/Documents/GitHub/augmented-mcqa/results/final5_full_gpt-5.2-2025-12-11_20260226_001349/gpt-5.2-2025-12-11/Qwen_Qwen3-4B-Instruct-2507/full_question/arc_challenge/augment_ablation
gpt-5.2-2025-12-11,allenai_Olmo-3-7B-Instruct,full_question,arc_challenge,augment_ablation,1000,709,0.709,0.014363808687113596,0.1,0.609,0.6766666666666666,/Users/ndesai-air/Documents/GitHub/augmented-mcqa/results/final5_full_gpt-5.2-2025-12-11_20260226_001349/gpt-5.2-2025-12-11/allenai_Olmo-3-7B-Instruct/full_question/arc_challenge/augment_ablation/summary.json,/Users/ndesai-air/Documents/GitHub/augmented-mcqa/results/final5_full_gpt-5.2-2025-12-11_20260226_001349/gpt-5.2-2025-12-11/allenai_Olmo-3-7B-Instruct/full_question/arc_challenge/augment_ablation
gpt-5.2-2025-12-11,meta-llama_Llama-3.1-8B-Instruct,full_question,arc_challenge,augment_ablation,1000,766,0.766,0.013388203763014663,0.1,0.666,0.74,/Users/ndesai-air/Documents/GitHub/augmented-mcqa/results/final5_full_gpt-5.2-2025-12-11_20260226_001349/gpt-5.2-2025-12-11/meta-llama_Llama-3.1-8B-Instruct/full_question/arc_challenge/augment_ablation/summary.json,/Users/ndesai-air/Documents/GitHub/augmented-mcqa/results/final5_full_gpt-5.2-2025-12-11_20260226_001349/gpt-5.2-2025-12-11/meta-llama_Llama-3.1-8B-Instruct/full_question/arc_challenge/augment_ablation
gpt-5.2-2025-12-11,Qwen_Qwen3-4B-Instruct-2507,full_question,arc_challenge,augment_human,1000,862,0.862,0.01090669519148674,0.1,0.762,0.8466666666666667,/Users/ndesai-air/Documents/GitHub/augmented-mcqa/results/final5_full_gpt-5.2-2025-12-11_20260226_001349/gpt-5.2-2025-12-11/Qwen_Qwen3-4B-Instruct-2507/full_question/arc_challenge/augment_human/summary.json,/Users/ndesai-air/Documents/GitHub/augmented-mcqa/results/final5_full_gpt-5.2-2025-12-11_20260226_001349/gpt-5.2-2025-12-11/Qwen_Qwen3-4B-Instruct-2507/full_question/arc_challenge/augment_human
gpt-5.2-2025-12-11,allenai_Olmo-3-7B-Instruct,full_question,arc_challenge,augment_human,1000,645,0.645,0.015131919904625453,0.1,0.545,0.6055555555555556,/Users/ndesai-air/Documents/GitHub/augmented-mcqa/results/final5_full_gpt-5.2-2025-12-11_20260226_001349/gpt-5.2-2025-12-11/allenai_Olmo-3-7B-Instruct/full_question/arc_challenge/augment_human/summary.json,/Users/ndesai-air/Documents/GitHub/augmented-mcqa/results/final5_full_gpt-5.2-2025-12-11_20260226_001349/gpt-5.2-2025-12-11/allenai_Olmo-3-7B-Instruct/full_question/arc_challenge/augment_human
gpt-5.2-2025-12-11,meta-llama_Llama-3.1-8B-Instruct,full_question,arc_challenge,augment_human,1000,745,0.745,0.013783141876945184,0.1,0.645,0.7166666666666667,/Users/ndesai-air/Documents/GitHub/augmented-mcqa/results/final5_full_gpt-5.2-2025-12-11_20260226_001349/gpt-5.2-2025-12-11/meta-llama_Llama-3.1-8B-Instruct/full_question/arc_challenge/augment_human/summary.json,/Users/ndesai-air/Documents/GitHub/augmented-mcqa/results/final5_full_gpt-5.2-2025-12-11_20260226_001349/gpt-5.2-2025-12-11/meta-llama_Llama-3.1-8B-Instruct/full_question/arc_challenge/augment_human
gpt-5.2-2025-12-11,Qwen_Qwen3-4B-Instruct-2507,full_question,arc_challenge,augment_model,1000,860,0.86,0.010972693379476163,0.1,0.76,0.8444444444444444,/Users/ndesai-air/Documents/GitHub/augmented-mcqa/results/final5_full_gpt-5.2-2025-12-11_20260226_001349/gpt-5.2-2025-12-11/Qwen_Qwen3-4B-Instruct-2507/full_question/arc_challenge/augment_model/summary.json,/Users/ndesai-air/Documents/GitHub/augmented-mcqa/results/final5_full_gpt-5.2-2025-12-11_20260226_001349/gpt-5.2-2025-12-11/Qwen_Qwen3-4B-Instruct-2507/full_question/arc_challenge/augment_model
gpt-5.2-2025-12-11,allenai_Olmo-3-7B-Instruct,full_question,arc_challenge,augment_model,1000,701,0.701,0.014477534320456644,0.1,0.601,0.6677777777777777,/Users/ndesai-air/Documents/GitHub/augmented-mcqa/results/final5_full_gpt-5.2-2025-12-11_20260226_001349/gpt-5.2-2025-12-11/allenai_Olmo-3-7B-Instruct/full_question/arc_challenge/augment_model/summary.json,/Users/ndesai-air/Documents/GitHub/augmented-mcqa/results/final5_full_gpt-5.2-2025-12-11_20260226_001349/gpt-5.2-2025-12-11/allenai_Olmo-3-7B-Instruct/full_question/arc_challenge/augment_model
gpt-5.2-2025-12-11,meta-llama_Llama-3.1-8B-Instruct,full_question,arc_challenge,augment_model,1000,753,0.753,0.013637851736985557,0.1,0.653,0.7255555555555556,/Users/ndesai-air/Documents/GitHub/augmented-mcqa/results/final5_full_gpt-5.2-2025-12-11_20260226_001349/gpt-5.2-2025-12-11/meta-llama_Llama-3.1-8B-Instruct/full_question/arc_challenge/augment_model/summary.json,/Users/ndesai-air/Documents/GitHub/augmented-mcqa/results/final5_full_gpt-5.2-2025-12-11_20260226_001349/gpt-5.2-2025-12-11/meta-llama_Llama-3.1-8B-Instruct/full_question/arc_challenge/augment_model
gpt-5.2-2025-12-11,Qwen_Qwen3-4B-Instruct-2507,full_question,arc_challenge,human_from_scratch,1000,924,0.924,0.008379976133617564,0.25,0.674,0.8986666666666667,/Users/ndesai-air/Documents/GitHub/augmented-mcqa/results/final5_full_gpt-5.2-2025-12-11_20260226_001349/gpt-5.2-2025-12-11/Qwen_Qwen3-4B-Instruct-2507/full_question/arc_challenge/human_from_scratch/summary.json,/Users/ndesai-air/Documents/GitHub/augmented-mcqa/results/final5_full_gpt-5.2-2025-12-11_20260226_001349/gpt-5.2-2025-12-11/Qwen_Qwen3-4B-Instruct-2507/full_question/arc_challenge/human_from_scratch
gpt-5.2-2025-12-11,allenai_Olmo-3-7B-Instruct,full_question,arc_challenge,human_from_scratch,1000,803,0.803,0.012577400367325513,0.25,0.553,0.7373333333333334,/Users/ndesai-air/Documents/GitHub/augmented-mcqa/results/final5_full_gpt-5.2-2025-12-11_20260226_001349/gpt-5.2-2025-12-11/allenai_Olmo-3-7B-Instruct/full_question/arc_challenge/human_from_scratch/summary.json,/Users/ndesai-air/Documents/GitHub/augmented-mcqa/results/final5_full_gpt-5.2-2025-12-11_20260226_001349/gpt-5.2-2025-12-11/allenai_Olmo-3-7B-Instruct/full_question/arc_challenge/human_from_scratch
gpt-5.2-2025-12-11,meta-llama_Llama-3.1-8B-Instruct,full_question,arc_challenge,human_from_scratch,1000,840,0.84,0.011593101396951551,0.25,0.59,0.7866666666666666,/Users/ndesai-air/Documents/GitHub/augmented-mcqa/results/final5_full_gpt-5.2-2025-12-11_20260226_001349/gpt-5.2-2025-12-11/meta-llama_Llama-3.1-8B-Instruct/full_question/arc_challenge/human_from_scratch/summary.json,/Users/ndesai-air/Documents/GitHub/augmented-mcqa/results/final5_full_gpt-5.2-2025-12-11_20260226_001349/gpt-5.2-2025-12-11/meta-llama_Llama-3.1-8B-Instruct/full_question/arc_challenge/human_from_scratch
gpt-5.2-2025-12-11,Qwen_Qwen3-4B-Instruct-2507,full_question,arc_challenge,model_from_scratch,1000,942,0.942,0.007391616873188169,0.25,0.692,0.9226666666666666,/Users/ndesai-air/Documents/GitHub/augmented-mcqa/results/final5_full_gpt-5.2-2025-12-11_20260226_001349/gpt-5.2-2025-12-11/Qwen_Qwen3-4B-Instruct-2507/full_question/arc_challenge/model_from_scratch/summary.json,/Users/ndesai-air/Documents/GitHub/augmented-mcqa/results/final5_full_gpt-5.2-2025-12-11_20260226_001349/gpt-5.2-2025-12-11/Qwen_Qwen3-4B-Instruct-2507/full_question/arc_challenge/model_from_scratch
gpt-5.2-2025-12-11,allenai_Olmo-3-7B-Instruct,full_question,arc_challenge,model_from_scratch,1000,826,0.826,0.011988494484296184,0.25,0.576,0.7679999999999999,/Users/ndesai-air/Documents/GitHub/augmented-mcqa/results/final5_full_gpt-5.2-2025-12-11_20260226_001349/gpt-5.2-2025-12-11/allenai_Olmo-3-7B-Instruct/full_question/arc_challenge/model_from_scratch/summary.json,/Users/ndesai-air/Documents/GitHub/augmented-mcqa/results/final5_full_gpt-5.2-2025-12-11_20260226_001349/gpt-5.2-2025-12-11/allenai_Olmo-3-7B-Instruct/full_question/arc_challenge/model_from_scratch
gpt-5.2-2025-12-11,meta-llama_Llama-3.1-8B-Instruct,full_question,arc_challenge,model_from_scratch,1000,868,0.868,0.010704017937204702,0.25,0.618,0.824,/Users/ndesai-air/Documents/GitHub/augmented-mcqa/results/final5_full_gpt-5.2-2025-12-11_20260226_001349/gpt-5.2-2025-12-11/meta-llama_Llama-3.1-8B-Instruct/full_question/arc_challenge/model_from_scratch/summary.json,/Users/ndesai-air/Documents/GitHub/augmented-mcqa/results/final5_full_gpt-5.2-2025-12-11_20260226_001349/gpt-5.2-2025-12-11/meta-llama_Llama-3.1-8B-Instruct/full_question/arc_challenge/model_from_scratch
gpt-5.2-2025-12-11,Qwen_Qwen3-4B-Instruct-2507,choices_only,gpqa,augment_ablation,442,111,0.251131221719457,0.020627285623919266,0.1,0.151131221719457,0.16792357968828556,/Users/ndesai-air/Documents/GitHub/augmented-mcqa/results/final5_full_gpt-5.2-2025-12-11_20260226_001349/gpt-5.2-2025-12-11/Qwen_Qwen3-4B-Instruct-2507/choices_only/gpqa/augment_ablation/summary.json,/Users/ndesai-air/Documents/GitHub/augmented-mcqa/results/final5_full_gpt-5.2-2025-12-11_20260226_001349/gpt-5.2-2025-12-11/Qwen_Qwen3-4B-Instruct-2507/choices_only/gpqa/augment_ablation
gpt-5.2-2025-12-11,allenai_Olmo-3-7B-Instruct,choices_only,gpqa,augment_ablation,442,79,0.17873303167420815,0.01822356978248477,0.1,0.07873303167420814,0.08748114630467571,/Users/ndesai-air/Documents/GitHub/augmented-mcqa/results/final5_full_gpt-5.2-2025-12-11_20260226_001349/gpt-5.2-2025-12-11/allenai_Olmo-3-7B-Instruct/choices_only/gpqa/augment_ablation/summary.json,/Users/ndesai-air/Documents/GitHub/augmented-mcqa/results/final5_full_gpt-5.2-2025-12-11_20260226_001349/gpt-5.2-2025-12-11/allenai_Olmo-3-7B-Instruct/choices_only/gpqa/augment_ablation
gpt-5.2-2025-12-11,meta-llama_Llama-3.1-8B-Instruct,choices_only,gpqa,augment_ablation,442,97,0.21945701357466063,0.019686205334435946,0.1,0.11945701357466063,0.13273001508295626,/Users/ndesai-air/Documents/GitHub/augmented-mcqa/results/final5_full_gpt-5.2-2025-12-11_20260226_001349/gpt-5.2-2025-12-11/meta-llama_Llama-3.1-8B-Instruct/choices_only/gpqa/augment_ablation/summary.json,/Users/ndesai-air/Documents/GitHub/augmented-mcqa/results/final5_full_gpt-5.2-2025-12-11_20260226_001349/gpt-5.2-2025-12-11/meta-llama_Llama-3.1-8B-Instruct/choices_only/gpqa/augment_ablation
gpt-5.2-2025-12-11,Qwen_Qwen3-4B-Instruct-2507,choices_only,gpqa,augment_human,442,70,0.1583710407239819,0.017365491746094492,0.1,0.05837104072398189,0.06485671191553542,/Users/ndesai-air/Documents/GitHub/augmented-mcqa/results/final5_full_gpt-5.2-2025-12-11_20260226_001349/gpt-5.2-2025-12-11/Qwen_Qwen3-4B-Instruct-2507/choices_only/gpqa/augment_human/summary.json,/Users/ndesai-air/Documents/GitHub/augmented-mcqa/results/final5_full_gpt-5.2-2025-12-11_20260226_001349/gpt-5.2-2025-12-11/Qwen_Qwen3-4B-Instruct-2507/choices_only/gpqa/augment_human
gpt-5.2-2025-12-11,allenai_Olmo-3-7B-Instruct,choices_only,gpqa,augment_human,442,58,0.13122171945701358,0.016060024554378372,0.1,0.031221719457013575,0.03469079939668175,/Users/ndesai-air/Documents/GitHub/augmented-mcqa/results/final5_full_gpt-5.2-2025-12-11_20260226_001349/gpt-5.2-2025-12-11/allenai_Olmo-3-7B-Instruct/choices_only/gpqa/augment_human/summary.json,/Users/ndesai-air/Documents/GitHub/augmented-mcqa/results/final5_full_gpt-5.2-2025-12-11_20260226_001349/gpt-5.2-2025-12-11/allenai_Olmo-3-7B-Instruct/choices_only/gpqa/augment_human
gpt-5.2-2025-12-11,meta-llama_Llama-3.1-8B-Instruct,choices_only,gpqa,augment_human,442,79,0.17873303167420815,0.01822356978248477,0.1,0.07873303167420814,0.08748114630467571,/Users/ndesai-air/Documents/GitHub/augmented-mcqa/results/final5_full_gpt-5.2-2025-12-11_20260226_001349/gpt-5.2-2025-12-11/meta-llama_Llama-3.1-8B-Instruct/choices_only/gpqa/augment_human/summary.json,/Users/ndesai-air/Documents/GitHub/augmented-mcqa/results/final5_full_gpt-5.2-2025-12-11_20260226_001349/gpt-5.2-2025-12-11/meta-llama_Llama-3.1-8B-Instruct/choices_only/gpqa/augment_human
gpt-5.2-2025-12-11,Qwen_Qwen3-4B-Instruct-2507,choices_only,gpqa,augment_model,442,99,0.2239819004524887,0.0198303899009788,0.1,0.12398190045248869,0.13775766716943189,/Users/ndesai-air/Documents/GitHub/augmented-mcqa/results/final5_full_gpt-5.2-2025-12-11_20260226_001349/gpt-5.2-2025-12-11/Qwen_Qwen3-4B-Instruct-2507/choices_only/gpqa/augment_model/summary.json,/Users/ndesai-air/Documents/GitHub/augmented-mcqa/results/final5_full_gpt-5.2-2025-12-11_20260226_001349/gpt-5.2-2025-12-11/Qwen_Qwen3-4B-Instruct-2507/choices_only/gpqa/augment_model
gpt-5.2-2025-12-11,allenai_Olmo-3-7B-Instruct,choices_only,gpqa,augment_model,442,72,0.16289592760180996,0.017564415665642444,0.1,0.06289592760180995,0.06988436400201106,/Users/ndesai-air/Documents/GitHub/augmented-mcqa/results/final5_full_gpt-5.2-2025-12-11_20260226_001349/gpt-5.2-2025-12-11/allenai_Olmo-3-7B-Instruct/choices_only/gpqa/augment_model/summary.json,/Users/ndesai-air/Documents/GitHub/augmented-mcqa/results/final5_full_gpt-5.2-2025-12-11_20260226_001349/gpt-5.2-2025-12-11/allenai_Olmo-3-7B-Instruct/choices_only/gpqa/augment_model
gpt-5.2-2025-12-11,meta-llama_Llama-3.1-8B-Instruct,choices_only,gpqa,augment_model,442,78,0.17647058823529413,0.01813278821426787,0.1,0.07647058823529412,0.08496732026143791,/Users/ndesai-air/Documents/GitHub/augmented-mcqa/results/final5_full_gpt-5.2-2025-12-11_20260226_001349/gpt-5.2-2025-12-11/meta-llama_Llama-3.1-8B-Instruct/choices_only/gpqa/augment_model/summary.json,/Users/ndesai-air/Documents/GitHub/augmented-mcqa/results/final5_full_gpt-5.2-2025-12-11_20260226_001349/gpt-5.2-2025-12-11/meta-llama_Llama-3.1-8B-Instruct/choices_only/gpqa/augment_model
gpt-5.2-2025-12-11,Qwen_Qwen3-4B-Instruct-2507,choices_only,gpqa,human_from_scratch,442,137,0.30995475113122173,0.021997675904719096,0.25,0.05995475113122173,0.0799396681749623,/Users/ndesai-air/Documents/GitHub/augmented-mcqa/results/final5_full_gpt-5.2-2025-12-11_20260226_001349/gpt-5.2-2025-12-11/Qwen_Qwen3-4B-Instruct-2507/choices_only/gpqa/human_from_scratch/summary.json,/Users/ndesai-air/Documents/GitHub/augmented-mcqa/results/final5_full_gpt-5.2-2025-12-11_20260226_001349/gpt-5.2-2025-12-11/Qwen_Qwen3-4B-Instruct-2507/choices_only/gpqa/human_from_scratch
gpt-5.2-2025-12-11,allenai_Olmo-3-7B-Instruct,choices_only,gpqa,human_from_scratch,442,132,0.2986425339366516,0.021768795948790144,0.25,0.04864253393665158,0.06485671191553544,/Users/ndesai-air/Documents/GitHub/augmented-mcqa/results/final5_full_gpt-5.2-2025-12-11_20260226_001349/gpt-5.2-2025-12-11/allenai_Olmo-3-7B-Instruct/choices_only/gpqa/human_from_scratch/summary.json,/Users/ndesai-air/Documents/GitHub/augmented-mcqa/results/final5_full_gpt-5.2-2025-12-11_20260226_001349/gpt-5.2-2025-12-11/allenai_Olmo-3-7B-Instruct/choices_only/gpqa/human_from_scratch
gpt-5.2-2025-12-11,meta-llama_Llama-3.1-8B-Instruct,choices_only,gpqa,human_from_scratch,442,123,0.27828054298642535,0.0213164310247422,0.25,0.02828054298642535,0.03770739064856713,/Users/ndesai-air/Documents/GitHub/augmented-mcqa/results/final5_full_gpt-5.2-2025-12-11_20260226_001349/gpt-5.2-2025-12-11/meta-llama_Llama-3.1-8B-Instruct/choices_only/gpqa/human_from_scratch/summary.json,/Users/ndesai-air/Documents/GitHub/augmented-mcqa/results/final5_full_gpt-5.2-2025-12-11_20260226_001349/gpt-5.2-2025-12-11/meta-llama_Llama-3.1-8B-Instruct/choices_only/gpqa/human_from_scratch
gpt-5.2-2025-12-11,Qwen_Qwen3-4B-Instruct-2507,choices_only,gpqa,model_from_scratch,442,143,0.3235294117647059,0.022252059312291943,0.25,0.0735294117647059,0.09803921568627454,/Users/ndesai-air/Documents/GitHub/augmented-mcqa/results/final5_full_gpt-5.2-2025-12-11_20260226_001349/gpt-5.2-2025-12-11/Qwen_Qwen3-4B-Instruct-2507/choices_only/gpqa/model_from_scratch/summary.json,/Users/ndesai-air/Documents/GitHub/augmented-mcqa/results/final5_full_gpt-5.2-2025-12-11_20260226_001349/gpt-5.2-2025-12-11/Qwen_Qwen3-4B-Instruct-2507/choices_only/gpqa/model_from_scratch
gpt-5.2-2025-12-11,allenai_Olmo-3-7B-Instruct,choices_only,gpqa,model_from_scratch,442,151,0.3416289592760181,0.0225580504767638,0.25,0.09162895927601811,0.12217194570135748,/Users/ndesai-air/Documents/GitHub/augmented-mcqa/results/final5_full_gpt-5.2-2025-12-11_20260226_001349/gpt-5.2-2025-12-11/allenai_Olmo-3-7B-Instruct/choices_only/gpqa/model_from_scratch/summary.json,/Users/ndesai-air/Documents/GitHub/augmented-mcqa/results/final5_full_gpt-5.2-2025-12-11_20260226_001349/gpt-5.2-2025-12-11/allenai_Olmo-3-7B-Instruct/choices_only/gpqa/model_from_scratch
gpt-5.2-2025-12-11,meta-llama_Llama-3.1-8B-Instruct,choices_only,gpqa,model_from_scratch,442,129,0.2918552036199095,0.021623879864792823,0.25,0.04185520361990952,0.05580693815987936,/Users/ndesai-air/Documents/GitHub/augmented-mcqa/results/final5_full_gpt-5.2-2025-12-11_20260226_001349/gpt-5.2-2025-12-11/meta-llama_Llama-3.1-8B-Instruct/choices_only/gpqa/model_from_scratch/summary.json,/Users/ndesai-air/Documents/GitHub/augmented-mcqa/results/final5_full_gpt-5.2-2025-12-11_20260226_001349/gpt-5.2-2025-12-11/meta-llama_Llama-3.1-8B-Instruct/choices_only/gpqa/model_from_scratch
gpt-5.2-2025-12-11,Qwen_Qwen3-4B-Instruct-2507,full_question,gpqa,augment_ablation,442,119,0.2692307692307692,0.02109800242148228,0.1,0.1692307692307692,0.188034188034188,/Users/ndesai-air/Documents/GitHub/augmented-mcqa/results/final5_full_gpt-5.2-2025-12-11_20260226_001349/gpt-5.2-2025-12-11/Qwen_Qwen3-4B-Instruct-2507/full_question/gpqa/augment_ablation/summary.json,/Users/ndesai-air/Documents/GitHub/augmented-mcqa/results/final5_full_gpt-5.2-2025-12-11_20260226_001349/gpt-5.2-2025-12-11/Qwen_Qwen3-4B-Instruct-2507/full_question/gpqa/augment_ablation
gpt-5.2-2025-12-11,allenai_Olmo-3-7B-Instruct,full_question,gpqa,augment_ablation,442,114,0.2579185520361991,0.02080922679487007,0.1,0.15791855203619912,0.175465057817999,/Users/ndesai-air/Documents/GitHub/augmented-mcqa/results/final5_full_gpt-5.2-2025-12-11_20260226_001349/gpt-5.2-2025-12-11/allenai_Olmo-3-7B-Instruct/full_question/gpqa/augment_ablation/summary.json,/Users/ndesai-air/Documents/GitHub/augmented-mcqa/results/final5_full_gpt-5.2-2025-12-11_20260226_001349/gpt-5.2-2025-12-11/allenai_Olmo-3-7B-Instruct/full_question/gpqa/augment_ablation
gpt-5.2-2025-12-11,meta-llama_Llama-3.1-8B-Instruct,full_question,gpqa,augment_ablation,442,130,0.29411764705882354,0.02167282724069447,0.1,0.19411764705882353,0.21568627450980393,/Users/ndesai-air/Documents/GitHub/augmented-mcqa/results/final5_full_gpt-5.2-2025-12-11_20260226_001349/gpt-5.2-2025-12-11/meta-llama_Llama-3.1-8B-Instruct/full_question/gpqa/augment_ablation/summary.json,/Users/ndesai-air/Documents/GitHub/augmented-mcqa/results/final5_full_gpt-5.2-2025-12-11_20260226_001349/gpt-5.2-2025-12-11/meta-llama_Llama-3.1-8B-Instruct/full_question/gpqa/augment_ablation
gpt-5.2-2025-12-11,Qwen_Qwen3-4B-Instruct-2507,full_question,gpqa,augment_human,442,89,0.20135746606334842,0.019074315067727384,0.1,0.10135746606334842,0.1126194067370538,/Users/ndesai-air/Documents/GitHub/augmented-mcqa/results/final5_full_gpt-5.2-2025-12-11_20260226_001349/gpt-5.2-2025-12-11/Qwen_Qwen3-4B-Instruct-2507/full_question/gpqa/augment_human/summary.json,/Users/ndesai-air/Documents/GitHub/augmented-mcqa/results/final5_full_gpt-5.2-2025-12-11_20260226_001349/gpt-5.2-2025-12-11/Qwen_Qwen3-4B-Instruct-2507/full_question/gpqa/augment_human
gpt-5.2-2025-12-11,allenai_Olmo-3-7B-Instruct,full_question,gpqa,augment_human,442,69,0.15610859728506787,0.01726416417227669,0.1,0.05610859728506787,0.06234288587229763,/Users/ndesai-air/Documents/GitHub/augmented-mcqa/results/final5_full_gpt-5.2-2025-12-11_20260226_001349/gpt-5.2-2025-12-11/allenai_Olmo-3-7B-Instruct/full_question/gpqa/augment_human/summary.json,/Users/ndesai-air/Documents/GitHub/augmented-mcqa/results/final5_full_gpt-5.2-2025-12-11_20260226_001349/gpt-5.2-2025-12-11/allenai_Olmo-3-7B-Instruct/full_question/gpqa/augment_human
gpt-5.2-2025-12-11,meta-llama_Llama-3.1-8B-Instruct,full_question,gpqa,augment_human,442,86,0.19457013574660634,0.01882958813119375,0.1,0.09457013574660633,0.10507792860734036,/Users/ndesai-air/Documents/GitHub/augmented-mcqa/results/final5_full_gpt-5.2-2025-12-11_20260226_001349/gpt-5.2-2025-12-11/meta-llama_Llama-3.1-8B-Instruct/full_question/gpqa/augment_human/summary.json,/Users/ndesai-air/Documents/GitHub/augmented-mcqa/results/final5_full_gpt-5.2-2025-12-11_20260226_001349/gpt-5.2-2025-12-11/meta-llama_Llama-3.1-8B-Instruct/full_question/gpqa/augment_human
gpt-5.2-2025-12-11,Qwen_Qwen3-4B-Instruct-2507,full_question,gpqa,augment_model,442,111,0.251131221719457,0.020627285623919266,0.1,0.151131221719457,0.16792357968828556,/Users/ndesai-air/Documents/GitHub/augmented-mcqa/results/final5_full_gpt-5.2-2025-12-11_20260226_001349/gpt-5.2-2025-12-11/Qwen_Qwen3-4B-Instruct-2507/full_question/gpqa/augment_model/summary.json,/Users/ndesai-air/Documents/GitHub/augmented-mcqa/results/final5_full_gpt-5.2-2025-12-11_20260226_001349/gpt-5.2-2025-12-11/Qwen_Qwen3-4B-Instruct-2507/full_question/gpqa/augment_model
gpt-5.2-2025-12-11,allenai_Olmo-3-7B-Instruct,full_question,gpqa,augment_model,442,95,0.2149321266968326,0.01953858623492881,0.1,0.11493212669683259,0.12770236299648066,/Users/ndesai-air/Documents/GitHub/augmented-mcqa/results/final5_full_gpt-5.2-2025-12-11_20260226_001349/gpt-5.2-2025-12-11/allenai_Olmo-3-7B-Instruct/full_question/gpqa/augment_model/summary.json,/Users/ndesai-air/Documents/GitHub/augmented-mcqa/results/final5_full_gpt-5.2-2025-12-11_20260226_001349/gpt-5.2-2025-12-11/allenai_Olmo-3-7B-Instruct/full_question/gpqa/augment_model
gpt-5.2-2025-12-11,meta-llama_Llama-3.1-8B-Instruct,full_question,gpqa,augment_model,442,119,0.2692307692307692,0.02109800242148228,0.1,0.1692307692307692,0.188034188034188,/Users/ndesai-air/Documents/GitHub/augmented-mcqa/results/final5_full_gpt-5.2-2025-12-11_20260226_001349/gpt-5.2-2025-12-11/meta-llama_Llama-3.1-8B-Instruct/full_question/gpqa/augment_model/summary.json,/Users/ndesai-air/Documents/GitHub/augmented-mcqa/results/final5_full_gpt-5.2-2025-12-11_20260226_001349/gpt-5.2-2025-12-11/meta-llama_Llama-3.1-8B-Instruct/full_question/gpqa/augment_model
gpt-5.2-2025-12-11,Qwen_Qwen3-4B-Instruct-2507,full_question,gpqa,human_from_scratch,442,137,0.30995475113122173,0.021997675904719096,0.25,0.05995475113122173,0.0799396681749623,/Users/ndesai-air/Documents/GitHub/augmented-mcqa/results/final5_full_gpt-5.2-2025-12-11_20260226_001349/gpt-5.2-2025-12-11/Qwen_Qwen3-4B-Instruct-2507/full_question/gpqa/human_from_scratch/summary.json,/Users/ndesai-air/Documents/GitHub/augmented-mcqa/results/final5_full_gpt-5.2-2025-12-11_20260226_001349/gpt-5.2-2025-12-11/Qwen_Qwen3-4B-Instruct-2507/full_question/gpqa/human_from_scratch
gpt-5.2-2025-12-11,allenai_Olmo-3-7B-Instruct,full_question,gpqa,human_from_scratch,442,126,0.2850678733031674,0.02147313279265904,0.25,0.03506787330316741,0.04675716440422321,/Users/ndesai-air/Documents/GitHub/augmented-mcqa/results/final5_full_gpt-5.2-2025-12-11_20260226_001349/gpt-5.2-2025-12-11/allenai_Olmo-3-7B-Instruct/full_question/gpqa/human_from_scratch/summary.json,/Users/ndesai-air/Documents/GitHub/augmented-mcqa/results/final5_full_gpt-5.2-2025-12-11_20260226_001349/gpt-5.2-2025-12-11/allenai_Olmo-3-7B-Instruct/full_question/gpqa/human_from_scratch
gpt-5.2-2025-12-11,meta-llama_Llama-3.1-8B-Instruct,full_question,gpqa,human_from_scratch,442,128,0.2895927601809955,0.021574284667060396,0.25,0.0395927601809955,0.052790346907994,/Users/ndesai-air/Documents/GitHub/augmented-mcqa/results/final5_full_gpt-5.2-2025-12-11_20260226_001349/gpt-5.2-2025-12-11/meta-llama_Llama-3.1-8B-Instruct/full_question/gpqa/human_from_scratch/summary.json,/Users/ndesai-air/Documents/GitHub/augmented-mcqa/results/final5_full_gpt-5.2-2025-12-11_20260226_001349/gpt-5.2-2025-12-11/meta-llama_Llama-3.1-8B-Instruct/full_question/gpqa/human_from_scratch
gpt-5.2-2025-12-11,Qwen_Qwen3-4B-Instruct-2507,full_question,gpqa,model_from_scratch,442,152,0.3438914027149321,0.022593701613727552,0.25,0.09389140271493213,0.12518853695324283,/Users/ndesai-air/Documents/GitHub/augmented-mcqa/results/final5_full_gpt-5.2-2025-12-11_20260226_001349/gpt-5.2-2025-12-11/Qwen_Qwen3-4B-Instruct-2507/full_question/gpqa/model_from_scratch/summary.json,/Users/ndesai-air/Documents/GitHub/augmented-mcqa/results/final5_full_gpt-5.2-2025-12-11_20260226_001349/gpt-5.2-2025-12-11/Qwen_Qwen3-4B-Instruct-2507/full_question/gpqa/model_from_scratch
gpt-5.2-2025-12-11,allenai_Olmo-3-7B-Instruct,full_question,gpqa,model_from_scratch,442,149,0.33710407239819007,0.022485033572922305,0.25,0.08710407239819007,0.11613876319758676,/Users/ndesai-air/Documents/GitHub/augmented-mcqa/results/final5_full_gpt-5.2-2025-12-11_20260226_001349/gpt-5.2-2025-12-11/allenai_Olmo-3-7B-Instruct/full_question/gpqa/model_from_scratch/summary.json,/Users/ndesai-air/Documents/GitHub/augmented-mcqa/results/final5_full_gpt-5.2-2025-12-11_20260226_001349/gpt-5.2-2025-12-11/allenai_Olmo-3-7B-Instruct/full_question/gpqa/model_from_scratch
gpt-5.2-2025-12-11,meta-llama_Llama-3.1-8B-Instruct,full_question,gpqa,model_from_scratch,442,149,0.33710407239819007,0.022485033572922305,0.25,0.08710407239819007,0.11613876319758676,/Users/ndesai-air/Documents/GitHub/augmented-mcqa/results/final5_full_gpt-5.2-2025-12-11_20260226_001349/gpt-5.2-2025-12-11/meta-llama_Llama-3.1-8B-Instruct/full_question/gpqa/model_from_scratch/summary.json,/Users/ndesai-air/Documents/GitHub/augmented-mcqa/results/final5_full_gpt-5.2-2025-12-11_20260226_001349/gpt-5.2-2025-12-11/meta-llama_Llama-3.1-8B-Instruct/full_question/gpqa/model_from_scratch
gpt-5.2-2025-12-11,Qwen_Qwen3-4B-Instruct-2507,choices_only,mmlu_pro,augment_ablation,998,234,0.23446893787575152,0.013410926924307159,0.1,0.1344689378757515,0.14940993097305724,/Users/ndesai-air/Documents/GitHub/augmented-mcqa/results/final5_full_gpt-5.2-2025-12-11_20260226_001349/gpt-5.2-2025-12-11/Qwen_Qwen3-4B-Instruct-2507/choices_only/mmlu_pro/augment_ablation/summary.json,/Users/ndesai-air/Documents/GitHub/augmented-mcqa/results/final5_full_gpt-5.2-2025-12-11_20260226_001349/gpt-5.2-2025-12-11/Qwen_Qwen3-4B-Instruct-2507/choices_only/mmlu_pro/augment_ablation
gpt-5.2-2025-12-11,allenai_Olmo-3-7B-Instruct,choices_only,mmlu_pro,augment_ablation,998,224,0.22444889779559118,0.013206832736724088,0.1,0.12444889779559118,0.13827655310621242,/Users/ndesai-air/Documents/GitHub/augmented-mcqa/results/final5_full_gpt-5.2-2025-12-11_20260226_001349/gpt-5.2-2025-12-11/allenai_Olmo-3-7B-Instruct/choices_only/mmlu_pro/augment_ablation/summary.json,/Users/ndesai-air/Documents/GitHub/augmented-mcqa/results/final5_full_gpt-5.2-2025-12-11_20260226_001349/gpt-5.2-2025-12-11/allenai_Olmo-3-7B-Instruct/choices_only/mmlu_pro/augment_ablation
gpt-5.2-2025-12-11,meta-llama_Llama-3.1-8B-Instruct,choices_only,mmlu_pro,augment_ablation,998,230,0.23046092184368738,0.01333056988780722,0.1,0.13046092184368738,0.1449565798263193,/Users/ndesai-air/Documents/GitHub/augmented-mcqa/results/final5_full_gpt-5.2-2025-12-11_20260226_001349/gpt-5.2-2025-12-11/meta-llama_Llama-3.1-8B-Instruct/choices_only/mmlu_pro/augment_ablation/summary.json,/Users/ndesai-air/Documents/GitHub/augmented-mcqa/results/final5_full_gpt-5.2-2025-12-11_20260226_001349/gpt-5.2-2025-12-11/meta-llama_Llama-3.1-8B-Instruct/choices_only/mmlu_pro/augment_ablation
gpt-5.2-2025-12-11,Qwen_Qwen3-4B-Instruct-2507,choices_only,mmlu_pro,augment_human,998,205,0.20541082164328658,0.012788444182320426,0.1,0.10541082164328658,0.1171231351592073,/Users/ndesai-air/Documents/GitHub/augmented-mcqa/results/final5_full_gpt-5.2-2025-12-11_20260226_001349/gpt-5.2-2025-12-11/Qwen_Qwen3-4B-Instruct-2507/choices_only/mmlu_pro/augment_human/summary.json,/Users/ndesai-air/Documents/GitHub/augmented-mcqa/results/final5_full_gpt-5.2-2025-12-11_20260226_001349/gpt-5.2-2025-12-11/Qwen_Qwen3-4B-Instruct-2507/choices_only/mmlu_pro/augment_human
gpt-5.2-2025-12-11,allenai_Olmo-3-7B-Instruct,choices_only,mmlu_pro,augment_human,998,155,0.15531062124248496,0.011465257801054788,0.1,0.05531062124248495,0.06145624582498328,/Users/ndesai-air/Documents/GitHub/augmented-mcqa/results/final5_full_gpt-5.2-2025-12-11_20260226_001349/gpt-5.2-2025-12-11/allenai_Olmo-3-7B-Instruct/choices_only/mmlu_pro/augment_human/summary.json,/Users/ndesai-air/Documents/GitHub/augmented-mcqa/results/final5_full_gpt-5.2-2025-12-11_20260226_001349/gpt-5.2-2025-12-11/allenai_Olmo-3-7B-Instruct/choices_only/mmlu_pro/augment_human
gpt-5.2-2025-12-11,meta-llama_Llama-3.1-8B-Instruct,choices_only,mmlu_pro,augment_human,998,185,0.18537074148296592,0.012300855733996661,0.1,0.08537074148296592,0.09485637942551768,/Users/ndesai-air/Documents/GitHub/augmented-mcqa/results/final5_full_gpt-5.2-2025-12-11_20260226_001349/gpt-5.2-2025-12-11/meta-llama_Llama-3.1-8B-Instruct/choices_only/mmlu_pro/augment_human/summary.json,/Users/ndesai-air/Documents/GitHub/augmented-mcqa/results/final5_full_gpt-5.2-2025-12-11_20260226_001349/gpt-5.2-2025-12-11/meta-llama_Llama-3.1-8B-Instruct/choices_only/mmlu_pro/augment_human
gpt-5.2-2025-12-11,Qwen_Qwen3-4B-Instruct-2507,choices_only,mmlu_pro,augment_model,998,195,0.19539078156312625,0.012551027073689464,0.1,0.09539078156312625,0.1059897572923625,/Users/ndesai-air/Documents/GitHub/augmented-mcqa/results/final5_full_gpt-5.2-2025-12-11_20260226_001349/gpt-5.2-2025-12-11/Qwen_Qwen3-4B-Instruct-2507/choices_only/mmlu_pro/augment_model/summary.json,/Users/ndesai-air/Documents/GitHub/augmented-mcqa/results/final5_full_gpt-5.2-2025-12-11_20260226_001349/gpt-5.2-2025-12-11/Qwen_Qwen3-4B-Instruct-2507/choices_only/mmlu_pro/augment_model
gpt-5.2-2025-12-11,allenai_Olmo-3-7B-Instruct,choices_only,mmlu_pro,augment_model,998,180,0.18036072144288579,0.012170743016539164,0.1,0.08036072144288578,0.08928969049209531,/Users/ndesai-air/Documents/GitHub/augmented-mcqa/results/final5_full_gpt-5.2-2025-12-11_20260226_001349/gpt-5.2-2025-12-11/allenai_Olmo-3-7B-Instruct/choices_only/mmlu_pro/augment_model/summary.json,/Users/ndesai-air/Documents/GitHub/augmented-mcqa/results/final5_full_gpt-5.2-2025-12-11_20260226_001349/gpt-5.2-2025-12-11/allenai_Olmo-3-7B-Instruct/choices_only/mmlu_pro/augment_model
gpt-5.2-2025-12-11,meta-llama_Llama-3.1-8B-Instruct,choices_only,mmlu_pro,augment_model,998,210,0.21042084168336672,0.012902591398561248,0.1,0.11042084168336672,0.12268982409262968,/Users/ndesai-air/Documents/GitHub/augmented-mcqa/results/final5_full_gpt-5.2-2025-12-11_20260226_001349/gpt-5.2-2025-12-11/meta-llama_Llama-3.1-8B-Instruct/choices_only/mmlu_pro/augment_model/summary.json,/Users/ndesai-air/Documents/GitHub/augmented-mcqa/results/final5_full_gpt-5.2-2025-12-11_20260226_001349/gpt-5.2-2025-12-11/meta-llama_Llama-3.1-8B-Instruct/choices_only/mmlu_pro/augment_model
gpt-5.2-2025-12-11,Qwen_Qwen3-4B-Instruct-2507,choices_only,mmlu_pro,human_from_scratch,998,344,0.34468937875751504,0.015044310335679262,0.25,0.09468937875751504,0.12625250501002006,/Users/ndesai-air/Documents/GitHub/augmented-mcqa/results/final5_full_gpt-5.2-2025-12-11_20260226_001349/gpt-5.2-2025-12-11/Qwen_Qwen3-4B-Instruct-2507/choices_only/mmlu_pro/human_from_scratch/summary.json,/Users/ndesai-air/Documents/GitHub/augmented-mcqa/results/final5_full_gpt-5.2-2025-12-11_20260226_001349/gpt-5.2-2025-12-11/Qwen_Qwen3-4B-Instruct-2507/choices_only/mmlu_pro/human_from_scratch
gpt-5.2-2025-12-11,allenai_Olmo-3-7B-Instruct,choices_only,mmlu_pro,human_from_scratch,998,276,0.27655310621242485,0.014158828712775627,0.25,0.02655310621242485,0.035404141616566465,/Users/ndesai-air/Documents/GitHub/augmented-mcqa/results/final5_full_gpt-5.2-2025-12-11_20260226_001349/gpt-5.2-2025-12-11/allenai_Olmo-3-7B-Instruct/choices_only/mmlu_pro/human_from_scratch/summary.json,/Users/ndesai-air/Documents/GitHub/augmented-mcqa/results/final5_full_gpt-5.2-2025-12-11_20260226_001349/gpt-5.2-2025-12-11/allenai_Olmo-3-7B-Instruct/choices_only/mmlu_pro/human_from_scratch
gpt-5.2-2025-12-11,meta-llama_Llama-3.1-8B-Instruct,choices_only,mmlu_pro,human_from_scratch,998,321,0.3216432865731463,0.014786011465086266,0.25,0.07164328657314628,0.09552438209752838,/Users/ndesai-air/Documents/GitHub/augmented-mcqa/results/final5_full_gpt-5.2-2025-12-11_20260226_001349/gpt-5.2-2025-12-11/meta-llama_Llama-3.1-8B-Instruct/choices_only/mmlu_pro/human_from_scratch/summary.json,/Users/ndesai-air/Documents/GitHub/augmented-mcqa/results/final5_full_gpt-5.2-2025-12-11_20260226_001349/gpt-5.2-2025-12-11/meta-llama_Llama-3.1-8B-Instruct/choices_only/mmlu_pro/human_from_scratch
gpt-5.2-2025-12-11,Qwen_Qwen3-4B-Instruct-2507,choices_only,mmlu_pro,model_from_scratch,998,274,0.2745490981963928,0.014126961206920047,0.25,0.024549098196392782,0.03273213092852371,/Users/ndesai-air/Documents/GitHub/augmented-mcqa/results/final5_full_gpt-5.2-2025-12-11_20260226_001349/gpt-5.2-2025-12-11/Qwen_Qwen3-4B-Instruct-2507/choices_only/mmlu_pro/model_from_scratch/summary.json,/Users/ndesai-air/Documents/GitHub/augmented-mcqa/results/final5_full_gpt-5.2-2025-12-11_20260226_001349/gpt-5.2-2025-12-11/Qwen_Qwen3-4B-Instruct-2507/choices_only/mmlu_pro/model_from_scratch
gpt-5.2-2025-12-11,allenai_Olmo-3-7B-Instruct,choices_only,mmlu_pro,model_from_scratch,998,278,0.2785571142284569,0.01419034107768285,0.25,0.028557114228456915,0.03807615230460922,/Users/ndesai-air/Documents/GitHub/augmented-mcqa/results/final5_full_gpt-5.2-2025-12-11_20260226_001349/gpt-5.2-2025-12-11/allenai_Olmo-3-7B-Instruct/choices_only/mmlu_pro/model_from_scratch/summary.json,/Users/ndesai-air/Documents/GitHub/augmented-mcqa/results/final5_full_gpt-5.2-2025-12-11_20260226_001349/gpt-5.2-2025-12-11/allenai_Olmo-3-7B-Instruct/choices_only/mmlu_pro/model_from_scratch
gpt-5.2-2025-12-11,meta-llama_Llama-3.1-8B-Instruct,choices_only,mmlu_pro,model_from_scratch,998,275,0.2755511022044088,0.014142939501880504,0.25,0.025551102204408815,0.03406813627254509,/Users/ndesai-air/Documents/GitHub/augmented-mcqa/results/final5_full_gpt-5.2-2025-12-11_20260226_001349/gpt-5.2-2025-12-11/meta-llama_Llama-3.1-8B-Instruct/choices_only/mmlu_pro/model_from_scratch/summary.json,/Users/ndesai-air/Documents/GitHub/augmented-mcqa/results/final5_full_gpt-5.2-2025-12-11_20260226_001349/gpt-5.2-2025-12-11/meta-llama_Llama-3.1-8B-Instruct/choices_only/mmlu_pro/model_from_scratch
gpt-5.2-2025-12-11,Qwen_Qwen3-4B-Instruct-2507,full_question,mmlu_pro,augment_ablation,998,461,0.4619238476953908,0.015781264310318753,0.1,0.36192384769539077,0.4021376085504342,/Users/ndesai-air/Documents/GitHub/augmented-mcqa/results/final5_full_gpt-5.2-2025-12-11_20260226_001349/gpt-5.2-2025-12-11/Qwen_Qwen3-4B-Instruct-2507/full_question/mmlu_pro/augment_ablation/summary.json,/Users/ndesai-air/Documents/GitHub/augmented-mcqa/results/final5_full_gpt-5.2-2025-12-11_20260226_001349/gpt-5.2-2025-12-11/Qwen_Qwen3-4B-Instruct-2507/full_question/mmlu_pro/augment_ablation
gpt-5.2-2025-12-11,allenai_Olmo-3-7B-Instruct,full_question,mmlu_pro,augment_ablation,998,356,0.35671342685370744,0.015163403825894978,0.1,0.25671342685370746,0.28523714094856384,/Users/ndesai-air/Documents/GitHub/augmented-mcqa/results/final5_full_gpt-5.2-2025-12-11_20260226_001349/gpt-5.2-2025-12-11/allenai_Olmo-3-7B-Instruct/full_question/mmlu_pro/augment_ablation/summary.json,/Users/ndesai-air/Documents/GitHub/augmented-mcqa/results/final5_full_gpt-5.2-2025-12-11_20260226_001349/gpt-5.2-2025-12-11/allenai_Olmo-3-7B-Instruct/full_question/mmlu_pro/augment_ablation
gpt-5.2-2025-12-11,meta-llama_Llama-3.1-8B-Instruct,full_question,mmlu_pro,augment_ablation,998,475,0.4759519038076152,0.015808906734299796,0.1,0.37595190380761523,0.4177243375640169,/Users/ndesai-air/Documents/GitHub/augmented-mcqa/results/final5_full_gpt-5.2-2025-12-11_20260226_001349/gpt-5.2-2025-12-11/meta-llama_Llama-3.1-8B-Instruct/full_question/mmlu_pro/augment_ablation/summary.json,/Users/ndesai-air/Documents/GitHub/augmented-mcqa/results/final5_full_gpt-5.2-2025-12-11_20260226_001349/gpt-5.2-2025-12-11/meta-llama_Llama-3.1-8B-Instruct/full_question/mmlu_pro/augment_ablation
gpt-5.2-2025-12-11,Qwen_Qwen3-4B-Instruct-2507,full_question,mmlu_pro,augment_human,998,393,0.3937875751503006,0.015466005154480707,0.1,0.29378757515030063,0.3264306390558896,/Users/ndesai-air/Documents/GitHub/augmented-mcqa/results/final5_full_gpt-5.2-2025-12-11_20260226_001349/gpt-5.2-2025-12-11/Qwen_Qwen3-4B-Instruct-2507/full_question/mmlu_pro/augment_human/summary.json,/Users/ndesai-air/Documents/GitHub/augmented-mcqa/results/final5_full_gpt-5.2-2025-12-11_20260226_001349/gpt-5.2-2025-12-11/Qwen_Qwen3-4B-Instruct-2507/full_question/mmlu_pro/augment_human
gpt-5.2-2025-12-11,allenai_Olmo-3-7B-Instruct,full_question,mmlu_pro,augment_human,998,309,0.3096192384769539,0.014635010512716404,0.1,0.20961923847695388,0.23291026497439318,/Users/ndesai-air/Documents/GitHub/augmented-mcqa/results/final5_full_gpt-5.2-2025-12-11_20260226_001349/gpt-5.2-2025-12-11/allenai_Olmo-3-7B-Instruct/full_question/mmlu_pro/augment_human/summary.json,/Users/ndesai-air/Documents/GitHub/augmented-mcqa/results/final5_full_gpt-5.2-2025-12-11_20260226_001349/gpt-5.2-2025-12-11/allenai_Olmo-3-7B-Instruct/full_question/mmlu_pro/augment_human
gpt-5.2-2025-12-11,meta-llama_Llama-3.1-8B-Instruct,full_question,mmlu_pro,augment_human,998,378,0.3787575150300601,0.015354862534233392,0.1,0.2787575150300601,0.3097305722556223,/Users/ndesai-air/Documents/GitHub/augmented-mcqa/results/final5_full_gpt-5.2-2025-12-11_20260226_001349/gpt-5.2-2025-12-11/meta-llama_Llama-3.1-8B-Instruct/full_question/mmlu_pro/augment_human/summary.json,/Users/ndesai-air/Documents/GitHub/augmented-mcqa/results/final5_full_gpt-5.2-2025-12-11_20260226_001349/gpt-5.2-2025-12-11/meta-llama_Llama-3.1-8B-Instruct/full_question/mmlu_pro/augment_human
gpt-5.2-2025-12-11,Qwen_Qwen3-4B-Instruct-2507,full_question,mmlu_pro,augment_model,998,410,0.41082164328657317,0.015573448085264278,0.1,0.31082164328657313,0.3453573814295257,/Users/ndesai-air/Documents/GitHub/augmented-mcqa/results/final5_full_gpt-5.2-2025-12-11_20260226_001349/gpt-5.2-2025-12-11/Qwen_Qwen3-4B-Instruct-2507/full_question/mmlu_pro/augment_model/summary.json,/Users/ndesai-air/Documents/GitHub/augmented-mcqa/results/final5_full_gpt-5.2-2025-12-11_20260226_001349/gpt-5.2-2025-12-11/Qwen_Qwen3-4B-Instruct-2507/full_question/mmlu_pro/augment_model
gpt-5.2-2025-12-11,allenai_Olmo-3-7B-Instruct,full_question,mmlu_pro,augment_model,998,330,0.3306613226452906,0.014891875242838094,0.1,0.23066132264529057,0.2562903584947673,/Users/ndesai-air/Documents/GitHub/augmented-mcqa/results/final5_full_gpt-5.2-2025-12-11_20260226_001349/gpt-5.2-2025-12-11/allenai_Olmo-3-7B-Instruct/full_question/mmlu_pro/augment_model/summary.json,/Users/ndesai-air/Documents/GitHub/augmented-mcqa/results/final5_full_gpt-5.2-2025-12-11_20260226_001349/gpt-5.2-2025-12-11/allenai_Olmo-3-7B-Instruct/full_question/mmlu_pro/augment_model
gpt-5.2-2025-12-11,meta-llama_Llama-3.1-8B-Instruct,full_question,mmlu_pro,augment_model,998,405,0.405811623246493,0.015543866096663386,0.1,0.305811623246493,0.33979069249610333,/Users/ndesai-air/Documents/GitHub/augmented-mcqa/results/final5_full_gpt-5.2-2025-12-11_20260226_001349/gpt-5.2-2025-12-11/meta-llama_Llama-3.1-8B-Instruct/full_question/mmlu_pro/augment_model/summary.json,/Users/ndesai-air/Documents/GitHub/augmented-mcqa/results/final5_full_gpt-5.2-2025-12-11_20260226_001349/gpt-5.2-2025-12-11/meta-llama_Llama-3.1-8B-Instruct/full_question/mmlu_pro/augment_model
gpt-5.2-2025-12-11,Qwen_Qwen3-4B-Instruct-2507,full_question,mmlu_pro,human_from_scratch,998,570,0.5711422845691383,0.015666194005421828,0.25,0.3211422845691383,0.42818971275885104,/Users/ndesai-air/Documents/GitHub/augmented-mcqa/results/final5_full_gpt-5.2-2025-12-11_20260226_001349/gpt-5.2-2025-12-11/Qwen_Qwen3-4B-Instruct-2507/full_question/mmlu_pro/human_from_scratch/summary.json,/Users/ndesai-air/Documents/GitHub/augmented-mcqa/results/final5_full_gpt-5.2-2025-12-11_20260226_001349/gpt-5.2-2025-12-11/Qwen_Qwen3-4B-Instruct-2507/full_question/mmlu_pro/human_from_scratch
gpt-5.2-2025-12-11,allenai_Olmo-3-7B-Instruct,full_question,mmlu_pro,human_from_scratch,998,425,0.4258517034068136,0.015652220741498954,0.25,0.1758517034068136,0.2344689378757515,/Users/ndesai-air/Documents/GitHub/augmented-mcqa/results/final5_full_gpt-5.2-2025-12-11_20260226_001349/gpt-5.2-2025-12-11/allenai_Olmo-3-7B-Instruct/full_question/mmlu_pro/human_from_scratch/summary.json,/Users/ndesai-air/Documents/GitHub/augmented-mcqa/results/final5_full_gpt-5.2-2025-12-11_20260226_001349/gpt-5.2-2025-12-11/allenai_Olmo-3-7B-Instruct/full_question/mmlu_pro/human_from_scratch
gpt-5.2-2025-12-11,meta-llama_Llama-3.1-8B-Instruct,full_question,mmlu_pro,human_from_scratch,998,520,0.5210420841683366,0.015813201617149573,0.25,0.27104208416833664,0.3613894455577822,/Users/ndesai-air/Documents/GitHub/augmented-mcqa/results/final5_full_gpt-5.2-2025-12-11_20260226_001349/gpt-5.2-2025-12-11/meta-llama_Llama-3.1-8B-Instruct/full_question/mmlu_pro/human_from_scratch/summary.json,/Users/ndesai-air/Documents/GitHub/augmented-mcqa/results/final5_full_gpt-5.2-2025-12-11_20260226_001349/gpt-5.2-2025-12-11/meta-llama_Llama-3.1-8B-Instruct/full_question/mmlu_pro/human_from_scratch
gpt-5.2-2025-12-11,Qwen_Qwen3-4B-Instruct-2507,full_question,mmlu_pro,model_from_scratch,998,558,0.5591182364729459,0.015716202855037543,0.25,0.3091182364729459,0.4121576486305945,/Users/ndesai-air/Documents/GitHub/augmented-mcqa/results/final5_full_gpt-5.2-2025-12-11_20260226_001349/gpt-5.2-2025-12-11/Qwen_Qwen3-4B-Instruct-2507/full_question/mmlu_pro/model_from_scratch/summary.json,/Users/ndesai-air/Documents/GitHub/augmented-mcqa/results/final5_full_gpt-5.2-2025-12-11_20260226_001349/gpt-5.2-2025-12-11/Qwen_Qwen3-4B-Instruct-2507/full_question/mmlu_pro/model_from_scratch
gpt-5.2-2025-12-11,allenai_Olmo-3-7B-Instruct,full_question,mmlu_pro,model_from_scratch,998,470,0.4709418837675351,0.015800472643327023,0.25,0.2209418837675351,0.29458917835671344,/Users/ndesai-air/Documents/GitHub/augmented-mcqa/results/final5_full_gpt-5.2-2025-12-11_20260226_001349/gpt-5.2-2025-12-11/allenai_Olmo-3-7B-Instruct/full_question/mmlu_pro/model_from_scratch/summary.json,/Users/ndesai-air/Documents/GitHub/augmented-mcqa/results/final5_full_gpt-5.2-2025-12-11_20260226_001349/gpt-5.2-2025-12-11/allenai_Olmo-3-7B-Instruct/full_question/mmlu_pro/model_from_scratch
gpt-5.2-2025-12-11,meta-llama_Llama-3.1-8B-Instruct,full_question,mmlu_pro,model_from_scratch,998,505,0.5060120240480962,0.015826079272426238,0.25,0.2560120240480962,0.3413493653974616,/Users/ndesai-air/Documents/GitHub/augmented-mcqa/results/final5_full_gpt-5.2-2025-12-11_20260226_001349/gpt-5.2-2025-12-11/meta-llama_Llama-3.1-8B-Instruct/full_question/mmlu_pro/model_from_scratch/summary.json,/Users/ndesai-air/Documents/GitHub/augmented-mcqa/results/final5_full_gpt-5.2-2025-12-11_20260226_001349/gpt-5.2-2025-12-11/meta-llama_Llama-3.1-8B-Instruct/full_question/mmlu_pro/model_from_scratch
